<?xml version="1.0" encoding="UTF-8" ?>
<!DOCTYPE mapper
        PUBLIC "-//mybatis.org//DTD Mapper 3.0//EN"
        "http://mybatis.org/dtd/mybatis-3-mapper.dtd">

<mapper namespace="com.gcrobot.application.mapper.AppMapper">

    <select id="findAppCount" resultType="java.lang.Integer">
      select count(1) from gc_app;
    </select>

    <select id="findAppAll" resultType="com.gcrobot.application.bean.Application" parameterType="com.gcrobot.application.util.PageHelp">
      select * from gc_app LIMIT #{start},#{end};
    </select>

    <insert id="addApp" parameterType="com.gcrobot.application.bean.Application" useGeneratedKeys="true" keyProperty="appId">
      insert into gc_app(appName,appDesc) values (#{appName},#{appDesc});
    </insert>

    <select id="findMaxMenuIdByPid" parameterType="java.lang.Integer" resultType="java.lang.Integer">
      select MAX(menuId) from gc_menu where pid=#{pid};
    </select>

    <insert id="addMenu" parameterType="com.gcrobot.application.bean.Menu">
      insert into gc_menu(menuId,menuTitle,menuHref,pid,appId) values (#{menuId},#{menuTitle},#{menuHref},#{pid},#{appId});
    </insert>

    <update id="updateApp" parameterType="com.gcrobot.application.bean.Application">
      update gc_app set appName=#{appName},appDesc=#{appDesc} where appId=#{appId};
    </update>

    <update id="updateMenu" parameterType="com.gcrobot.application.bean.Menu">
      update gc_menu set menuTitle=#{menuTitle} where appId=#{appId};
    </update>

    <select id="findAppName" parameterType="java.util.List" resultType="com.gcrobot.application.bean.Application">
       select appId,appName from gc_app where appId in
        <foreach item="id" collection="ids" separator="," open="(" close=")">
            #{id}
        </foreach>
    </select>

    <delete id="deleteApp" parameterType="java.util.List" >
        delete from gc_app where appId in
        <foreach item="id" collection="ids" separator="," open="(" close=")">
            #{id}
        </foreach>
    </delete>

    <delete id="deleteMenu" parameterType="java.util.List">
        delete from gc_menu where appId in
        <foreach item="id" collection="ids" separator="," open="(" close=")">
            #{id}
        </foreach>
    </delete>

    <delete id="deleteVersion" parameterType="java.util.List">
        delete from gc_version where appId in
        <foreach item="id" collection="ids" separator="," open="(" close=")">
            #{id}
        </foreach>
    </delete>

</mapper>