<?xml version="1.0" encoding="UTF-8" ?>
<!DOCTYPE mapper
        PUBLIC "-//mybatis.org//DTD Mapper 3.0//EN"
        "http://mybatis.org/dtd/mybatis-3-mapper.dtd">

<mapper namespace="com.gcrobot.application.mapper.UserMapper">

    <select id="findUserByUserName" parameterType="java.lang.String" resultType="com.gcrobot.application.bean.User">
      SELECT * from gc_user where userName=#{userName};
    </select>

    <select id="findAllParentMenu" resultType="com.gcrobot.application.bean.Menu">
      SELECT menuId,menuTitle,menuHref,pid from gc_menu where pid=0;
    </select>

    <select id="findMenuByPid" parameterType="java.lang.Integer" resultType="com.gcrobot.application.bean.Menu">
      SELECT menuId,menuTitle,menuHref,pid from gc_menu where pid=#{pid};
    </select>

    <update id="editPassword">
        update gc_user set passWord=#{newPassword} where userId=#{userId};
    </update>

</mapper>