<?xml version="1.0" encoding="UTF-8"?>
<!DOCTYPE mapper
        PUBLIC "-//mybatis.org//DTD Mapper 3.0//EN"
        "http://mybatis.org/dtd/mybatis-3-mapper.dtd">

<mapper namespace="com.gcrobot.application.mapper.VersionMapper">

    <select id="findVersion" resultType="com.gcrobot.application.bean.Version" parameterType="java.lang.Integer">
        select appId,versionId,versionCode,versionName,versionDesc,versionVip,versionPath from gc_version where appId=#{appId} and versionCode=(
          select MAX(versionCode) versionCode from gc_version where appId=#{appId});
    </select>

    <select id="findVersionByMenuId" resultType="com.gcrobot.application.bean.Version" parameterType="java.lang.Integer">
        SELECT * from gc_version where appId=(
          select appId from gc_app WHERE appId=(SELECT appId from gc_menu where menuId=#{menuId}))
          order by versionId desc;
    </select>

    <select id="findVersionCount" resultType="java.lang.Integer">
        SELECT count(1) from gc_version;
    </select>

    <select id="findVersionByMenuIdLimit" resultType="com.gcrobot.application.bean.Version">
        SELECT * from gc_version where appId=(
      select appId from gc_app WHERE appId=(SELECT appId from gc_menu where menuId=#{menuId})) ORDER BY versionId DESC LIMIT #{start},#{end};
    </select>

    <select id="findAppByMenuId" resultType="com.gcrobot.application.bean.Application" parameterType="java.lang.Integer">
        SELECT * from gc_app where appId=(select appId from gc_menu where menuId=#{menuId});
    </select>

    <select id="findVersionCode" resultType="java.lang.Integer">
        select count(1)
        FROM gc_version
        WHERE appId=(select appId from gc_menu where menuId=#{menuId}) and versionCode=#{versionCode};
    </select>

    <insert id="saveVersion">
        INSERT into gc_version(appId,versionCode,versionName,versionDesc,uploadTime,versionPath,versionVip)
         VALUES ((select appId from gc_menu where menuId=#{menuId}),#{version.versionCode},#{version.versionName},
         #{version.versionDesc},#{version.uploadTime},#{version.versionPath},#{versionVip});
    </insert>

    <update id="updateVersion">
        UPDATE gc_version SET versionDesc=#{version.versionDesc},versionVip=#{versionVip}
        where versionId=#{version.versionId}
    </update>


    <select id="findVersionPath" parameterType="java.util.List" resultType="com.gcrobot.application.bean.Version">
        <!--select v.versionId,v.versionCode,v.versionName,v.appId,
        CONCAT_WS('/',CONCAT_WS('-',a.appName,a.appId),v.versionPath) versionPath from gc_app a
        RIGHT JOIN
        (select * from gc_version where versionId in
        <foreach item="item" collection="ids" separator="," open="(" close=")">
            #{item}
        </foreach>
        ) v
        ON a.appId=v.appId-->

        select versionPath from gc_version where versionId in
        <foreach item="item" collection="ids" separator="," open="(" close=")">
            #{item}
        </foreach>

    </select>

    <delete id="deleteVersion" parameterType="java.util.List" >
        delete from gc_version where versionId in
        <foreach item="item" collection="ids" separator="," open="(" close=")">
            #{item}
        </foreach>
    </delete>

</mapper>